2026-06-03T15:37:56.653898,login.w3.ibm.com,False,False,,
2026-06-03T15:37:56.654094,anivix.cc,False,False,,
2026-06-03T15:37:56.654142,api.sicredi.io,False,False,,
2026-06-03T15:37:56.654171,greyexplorations.com,False,False,,
2026-06-03T15:37:56.654194,khm.gov.online,False,False,,
2026-06-03T15:37:56.654216,www.udupiinternational.com,False,False,,
2026-06-03T15:37:56.654237,contourusa.shop,False,False,,
2026-06-03T15:37:56.654259,common-promed-d.promed-d.beep.pl,False,False,,
2026-06-03T15:37:56.654280,mysqleditor-birketts.kinsta.cloud,False,False,,
2026-06-03T15:37:56.654301,www.lacartoons.com,False,False,,
2026-06-03T15:37:56.654321,staging.reports.netlibsecurity.com,False,False,,
2026-06-03T15:37:56.654341,trk.lendingtree.com,False,False,,
2026-06-03T15:37:56.654355,testing.trade-secret-protection-uwk.cyou,False,False,,
2026-06-03T15:37:56.654368,ea-sports-fc.en.download.it,False,False,,
2026-06-03T15:37:56.654427,tls.gov.online,False,False,,
2026-06-03T15:37:56.654464,tracker.hourlytechsignals.com,False,False,,
2026-06-03T15:37:56.654484,online.conference-management.com,False,False,,
2026-06-03T15:37:56.654498,maya.i-0285aeb73ce80530c.prd.workdaysuv.com,False,False,,
2026-06-03T15:37:56.654510,apologyale.com,False,False,,
2026-06-03T15:37:56.654523,www.ayansafety.ae,False,False,,
2026-06-03T15:37:56.654541,play.replyke.com,False,False,,
2026-06-03T15:37:56.654559,social-tool-user.pages.dev,False,False,,
2026-06-03T15:37:56.654575,0ywmvl.s0qorqponmwhm.hh0fdkjihgff0db097654329876587654321wildcard.education.remotewire.net,False,False,,
2026-06-03T15:37:56.654591,universal-shop.it,False,False,,
2026-06-03T15:37:56.654605,www.invoicesocr.com,False,False,,
2026-06-03T15:37:56.654620,www.raharja.cv,False,False,,
2026-06-03T15:37:56.654635,aal4301.my.idaptive.app,False,False,,
2026-06-03T15:37:56.654649,egy.gov.online,False,False,,
2026-06-03T15:37:56.654664,denizsengul.com,False,False,,
2026-06-03T15:37:56.654679,buildtrack.pro,False,False,,
2026-06-03T15:37:56.654694,aviva-nonprod.cyberark.cloud,False,False,,
2026-06-03T15:37:56.654708,sicmecmcmg.sicredi.com.br,False,False,,
2026-06-03T15:37:56.654723,guy.gov.online,False,False,,
2026-06-03T15:37:56.654738,view.eu.email.maxi-cosi.com,False,False,,
2026-06-03T15:37:56.654753,ryuqbooking.com,False,False,,
2026-06-03T15:37:56.654784,favorcool-somnus.customers.smartenergycontrol.be,False,False,,
2026-06-03T15:37:56.654808,lso.gov.online,False,False,,
2026-06-03T15:37:56.654821,click.eu.email.maxi-cosi.com,False,False,,
2026-06-03T15:37:56.654834,ryxzxbw.grnrj.info,False,False,,
2026-06-03T15:37:56.654846,ilse202605164.customers.smartenergycontrol.be,False,False,,
2026-06-03T15:37:56.654858,betonred-login-com.pages.dev,False,False,,
2026-06-03T15:37:56.654869,www.auto-kammergruber.de,False,False,,
2026-06-03T15:37:56.654905,amp-byd-arista-gopay303.pages.dev,False,False,,
2026-06-03T15:37:56.654939,favorcool-smousavi.customers.smartenergycontrol.be,False,False,,
2026-06-03T15:37:56.654961,gab.gov.online,False,False,,
2026-06-03T15:37:56.654989,practise-ielts.com,False,False,,
2026-06-03T15:37:56.655012,www.stephensoncontrol.com,False,False,,
2026-06-03T15:37:56.655026,eberspaecher.ftapi.com,False,False,,
2026-06-03T15:37:56.655038,gram.gs,False,False,,
2026-06-03T15:37:56.655049,588064321876543254321wildcard.education.remotewire.net,False,False,,
2026-06-03T15:37:56.655060,stephensoncontrol.com,False,False,,
2026-06-03T15:37:56.655072,us-u.openx.net,False,False,,
2026-06-03T15:37:56.655083,vgreen.it,False,False,,
2026-06-03T15:37:56.655093,mailnexdigital.com,False,False,,
2026-06-03T15:37:56.655105,zip-rar-archiver.en.airtelafrica.net,False,False,,
2026-06-03T15:37:56.655117,cluster.aaaconnect.info,False,False,,
2026-06-03T15:37:56.655129,www.greaternewlifetempleofdeliverance.org,False,False,,
2026-06-03T15:37:56.655141,dreamlink.it.com,False,False,,
2026-06-03T15:37:56.655152,promros.ru,False,False,,
2026-06-03T15:37:56.655163,zentracreditunion.live,False,False,,
2026-06-03T15:37:56.655174,accounting-shine.pages.dev,False,False,,
2026-06-03T15:37:56.655196,ilse202605101.customers.smartenergycontrol.be,False,False,,
2026-06-03T15:37:56.655207,www.recover-ha.com,False,False,,
2026-06-03T15:37:56.655219,v2-methstreams-v2-methstreams-v2-play.pages.dev,False,False,,
2026-06-03T15:37:56.655230,dev.badcreditautosguide22.cyou,False,False,,
2026-06-03T15:37:56.655240,saternusprojekt.pl,False,False,,
2026-06-03T15:37:56.655251,tagesmutter-bimbambinis.de,False,False,,
2026-06-03T15:37:56.655262,www.navanga-yoga.com,False,False,,
2026-06-03T15:37:56.655273,comune.datarecoverylabs.com.au,False,False,,
2026-06-03T15:37:56.655284,theclubxplorerlabs.info,False,False,,
2026-06-03T15:37:56.655295,tracking.brs.edenred.info,False,False,,
2026-06-03T15:37:56.655306,www.crazygames.com,False,False,,
2026-06-03T15:37:56.655317,navanga-yoga.com,False,False,,
2026-06-03T15:37:56.655328,www.astrack.co.uk,False,False,,
2026-06-03T15:37:56.655338,linktr.ee,False,False,,
2026-06-03T15:37:56.655349,alexandrelourme.free.fr,False,False,,
2026-06-03T15:37:56.655360,1drv.ms,False,False,,
2026-06-03T15:37:56.655370,corehygiene.co.uk,False,False,,
2026-06-03T15:37:56.655381,geotechnikgmbh.de,False,False,,
2026-06-03T15:37:56.655453,www.vpnmyanmar.org,False,False,,
2026-06-03T15:37:56.655489,twentyonepilots.com,False,False,,
2026-06-03T15:37:56.655520,tracerecord.info,False,False,,
2026-06-03T15:37:56.655551,productspeople-cloudflare.pages.dev,False,False,,
2026-06-03T15:37:56.655573,s184.abcd.services,False,False,,
2026-06-03T15:37:56.655586,domain-pool-admin.pages.dev,False,False,,
2026-06-03T15:37:58.073129,93.243.107.34.bc.googleusercontent.com,True,True,False,False
2026-06-03T15:37:58.073264,bilo-data.de,False,False,,
2026-06-03T15:37:58.073294,oberauer.superscreen.corpex-kunden.de,False,False,,
2026-06-03T15:37:58.073310,rd.lieblingsstuecke-online.de,False,False,,
2026-06-03T15:38:08.333821,3sandbox.www.qld.gov.auwbajpich.partner-viessmann.it,False,False,,
2026-06-03T15:38:08.334009,contatoalexsandrafermino.online,False,False,,
2026-06-03T15:38:08.334044,www.farmsupport.co.nz,False,False,,
2026-06-03T15:38:08.334063,mainebpo.weebly.com,False,False,,
2026-06-03T15:38:08.334105,www.homesofchesapeakebay.com,False,False,,
2026-06-03T15:38:08.334132,restorecreation.com,False,False,,
2026-06-03T15:38:08.334151,quickpayetisalatae.pages.dev,False,False,,
2026-06-03T15:38:08.334168,eu-tlx.3lift.com,False,False,,
2026-06-03T15:38:08.334189,jonathanbassedas.github.io,False,False,,
2026-06-03T15:38:08.334206,www.playzada.com.br,False,False,,
2026-06-03T15:38:08.335615,dmactivebeauty-ba.styriaweb.at,False,False,,
2026-06-03T15:38:08.335694,www.hansensrorservice.no,False,False,,
2026-06-03T15:38:08.335731,lilacsfoundationqh.blogspot.com,False,False,,
2026-06-03T15:38:08.335748,satiroerp.com,False,False,,
2026-06-03T15:38:08.335764,cdn.undertone.com,False,False,,
2026-06-03T15:38:08.335783,iwww.dcjf0dbadcmvd.vz0xvv0trz0xvv0trqpp0nlkjj0hff0dba08654329876587654321wildcard.education.remotewire.net,False,False,,
2026-06-03T15:38:08.335802,maya.i-015ffcb2e5690f695.prd.workdaysuv.com,False,False,,
2026-06-03T15:38:08.335817,gratis-produkttests.info,False,False,,
2026-06-03T15:38:08.335833,4r-reedbeds.sozowebdesign.co.uk,False,False,,
2026-06-03T15:38:08.335848,www.vip-zip.ru,False,False,,
2026-06-03T15:38:08.335862,vip-zip.ru,False,False,,
2026-06-03T15:38:08.335877,hr-ecn.tilda.ws,False,False,,
2026-06-03T15:38:08.335894,cdn.online-cybersecurity-certificates-ohe.cyou,False,False,,
2026-06-03T15:38:08.335910,wsjcg.dreamlink.it.com,False,False,,
2026-06-03T15:38:08.335925,webdisk.contatoalexsandrafermino.online,False,False,,
2026-06-03T15:38:08.335939,www.creditvision.de,False,False,,
2026-06-03T15:38:08.335953,escolhavencedora.com,False,False,,
2026-06-03T15:38:08.335967,venturo-it.store,False,False,,
2026-06-03T15:38:08.335983,www.health-posluma-wr05ts.top,False,False,,
2026-06-03T15:38:08.335998,prostrategy-contabilitate.ro,False,False,,
2026-06-03T15:38:08.336013,r.digipost.no,False,False,,
2026-06-03T15:38:08.336028,scena.lucasroussel.com,False,False,,
2026-06-03T15:38:08.336066,edelberg-pfalz.de,False,False,,
2026-06-03T15:38:08.336082,mta-sts.the-caremombiz.de,False,False,,
2026-06-03T15:38:08.336099,24.93.22.147,False,False,,
2026-06-03T15:38:08.336128,en.willowmeliafindlay.com,False,False,,
2026-06-03T15:38:08.336153,gin.gov.online,False,False,,
2026-06-03T15:38:08.336171,185.199.110.133,False,False,,
2026-06-03T15:38:08.336186,eri.gov.online,False,False,,
2026-06-03T15:38:08.336202,mail.contatoalexsandrafermino.online,False,False,,
2026-06-03T15:38:08.336218,www.engagemilepost.com,False,False,,
2026-06-03T15:38:08.336233,dominioprivato49.com,False,False,,
2026-06-03T15:38:08.336249,parcelacerta.com.br,False,False,,
2026-06-03T15:38:08.336263,playbibo.com,False,False,,
2026-06-03T15:38:08.336319,clarkssafe.shop,False,False,,
2026-06-03T15:38:08.336353,atjd.acemlnb.com,False,False,,
2026-06-03T15:38:08.336369,cpanel.contatoalexsandrafermino.online,False,False,,
2026-06-03T15:38:08.336383,apps.small-business-health-plans-ezk.cyou,False,False,,
2026-06-03T15:38:08.336395,ter.edenred.com.br,False,False,,
2026-06-03T15:38:08.336409,www.k0igmvd.fedcwhm.vz0xvqpss0qoo0mkfr0pnmlkk0igff0db097654329876587654321wildcard.education.remotewire.net,False,False,,
2026-06-03T15:38:08.336421,testing.onlinebusinessadministrationdegreesplus32.cyou,False,False,,
2026-06-03T15:38:08.336433,atendimento-cliente.app,False,False,,
2026-06-03T15:38:08.336446,mvd.mvd.xvz0xvuu0sqpkjiu0sqq0omlkk0igfee0ca08654329876587654321wildcard.education.remotewire.net,False,False,,
2026-06-03T15:38:08.336460,vioslot-observatoire-religion-amp.pages.dev,False,False,,
2026-06-03T15:38:08.336472,www.tashanwin-login.net,False,False,,
2026-06-03T15:38:08.336483,mohra.pro,False,False,,
2026-06-03T15:38:08.336495,staging.businesscreditsforstartupsnet17.cyou,False,False,,
2026-06-03T15:38:08.336507,neu.flaechenheizung-bdh.de,False,False,,
2026-06-03T15:38:20.296975,www.moontanaservice.nl,False,False,,
2026-06-03T15:38:20.297088,www.laserbet365.net,False,False,,
2026-06-03T15:38:20.297115,mo.wicgov.cc,False,False,,
2026-06-03T15:38:20.297132,u44679p125375.web0145.zxcs-klant.nl,False,False,,
2026-06-03T15:38:20.297146,kapitoinvestment.pl,False,False,,
2026-06-03T15:38:20.297159,fr.playlumogate.com,False,False,,
2026-06-03T15:38:20.297171,gawude.shop,False,False,,
2026-06-03T15:38:20.297182,usd.sicredi.net,False,False,,
2026-06-03T15:38:20.297194,ayansafety.ae,False,False,,
2026-06-03T15:38:20.297204,checkpoint.com,False,False,,
2026-06-03T15:38:20.297217,hedgedoc.eclair.ec-lyon.fr,False,False,,
2026-06-03T15:38:20.297229,www.securitymestre.it,False,False,,
2026-06-03T15:38:20.297241,61.53.116.38,False,False,,
2026-06-03T15:38:20.297255,website-295a609a.spp.kwr.mybluehost.me,False,False,,
2026-06-03T15:38:20.297266,cookieprovider.sicredi.com.br,False,False,,
2026-06-03T15:38:20.297278,fashionvio-amp1.pages.dev,False,False,,
2026-06-03T15:38:20.297290,www.website-295a609a.spp.kwr.mybluehost.me,False,False,,
2026-06-03T15:38:20.297301,twdb.tw,False,False,,
2026-06-03T15:38:20.297313,tikitaka-casino-play.org,False,False,,
2026-06-03T15:38:20.297324,www.rsmultiservice.dk,False,False,,
2026-06-03T15:38:20.297334,alkimlabs.com,False,False,,
2026-06-03T15:38:20.297346,canaldoconsorciado.sicredi.com.br,False,False,,
2026-06-03T15:38:20.297357,avraveda.thinkific.com,False,False,,
2026-06-03T15:38:20.297369,www.autor-kilian-eisfeld.de,False,False,,
2026-06-03T15:38:20.297380,gepwater.eu,False,False,,
2026-06-03T15:38:20.297391,m.allamericaninsuranceservices.com,False,False,,
2026-06-03T15:38:20.297403,anmeldung-pforzheim-mitgestalten.de,False,False,,
2026-06-03T15:38:20.297415,maya.i-095fcb5ad6f5ba4bf.prd.workdaysuv.com,False,False,,
2026-06-03T15:38:20.297427,ntv.shenhome.dpdns.org,False,False,,
2026-06-03T15:38:20.297439,smartundgeizig.de,False,False,,
2026-06-03T15:38:20.297452,whm.www.r0pnn0ljj0hff0dbj0hff0db097695031dev.cloud-banks.srv998402.hstgr.cloud,False,False,,
2026-06-03T15:38:20.297464,commongroundcompost.org,False,False,,
2026-06-03T15:38:20.297475,www.seg.gob.mx,False,False,,
2026-06-03T15:38:20.297500,login.employertelehealthbenefitsonline.cyou,False,False,,
2026-06-03T15:38:20.297512,mta-sts.isic.dev,False,False,,
2026-06-03T15:38:20.297522,pitneybowes.com,False,False,,
2026-06-03T15:38:20.306263,console.aws.amazon.com,True,False,,
2026-06-03T15:38:20.306391,8.18.1.11,False,False,,
2026-06-03T15:38:20.306419,katei-note.com,False,False,,
2026-06-03T15:38:20.306435,show.onlylineddisplay.com,False,False,,
2026-06-03T15:38:20.306448,weareukiyo.com,False,False,,
2026-06-03T15:38:20.306461,insurance.music-india.com,False,False,,
2026-06-03T15:38:20.306473,correos-argentina.com,False,False,,
2026-06-03T15:38:20.306484,www.dailydealzhub.shop,False,False,,
2026-06-03T15:38:20.306499,utsrqpoo0mkw0usnn0ljee0cae0ca87liftgate-meta-debug-cd5dfe630c99.us-east-1.fortilyx.com,False,False,,
2026-06-03T15:38:20.306513,exploringsouthaustralia.com.au,False,False,,
2026-06-03T15:38:20.306526,struebing-fliesen-springe.de,False,False,,
2026-06-03T15:38:20.306537,www.credittv.de,False,False,,
2026-06-03T15:38:20.306549,www.gsaauctions.gov,False,False,,
2026-06-03T15:38:20.306562,minio-console.safetywing.dev,False,False,,
2026-06-03T15:38:20.306610,piedmont.org,False,False,,
2026-06-03T15:38:20.306642,hnd.gov.online,False,False,,
2026-06-03T15:38:20.306869,www.xn--danskeg-rxa.dk,False,False,,
2026-06-03T15:38:20.306940,testing.ongoingdisabilityreviews01.cyou,False,False,,
2026-06-03T15:38:20.306971,aprntcshp.co.uk,False,False,,
2026-06-03T15:38:20.306989,expirytrack.co.uk,False,False,,
2026-06-03T15:38:20.307008,accounts-bankeasy.com-a5.es,False,False,,
2026-06-03T15:38:20.307026,www.secureswipe.online,False,False,,
2026-06-03T15:38:20.307043,m-marsbahis-resmi.com,False,False,,
2026-06-03T15:38:20.307060,dreamkeeper.appcloud.verramedia.nl,False,False,,
2026-06-03T15:38:20.307076,www.twelveroundsteam.com,False,False,,
2026-06-03T15:38:20.307092,gha.gov.online,False,False,,
2026-06-03T15:38:20.307108,testing.ongoingdisabilityreviewsonline24.cyou,False,False,,
2026-06-03T15:38:20.307126,installer-aviva-pi.custhelp.com,False,False,,
2026-06-03T15:38:20.307142,zerkalo-br0wse.xyz,False,False,,
2026-06-03T15:38:20.307158,www.dreamkeeper.appcloud.verramedia.nl,False,False,,
2026-06-03T15:38:20.307175,9efbff32.link.hydrationstationatl.com,False,False,,
2026-06-03T15:38:20.307193,www.webmarketing-services.ch,False,False,,
2026-06-03T15:38:20.307211,maya.i-0f840bf14b79c74ac.prd.workdaysuv.com,False,False,,
2026-06-03T15:38:20.307227,realfastpublicdomain.com,False,False,,
2026-06-03T15:38:20.307243,wearefudi.com,False,False,,
2026-06-03T15:38:31.300002,na.network-auth.com,False,False,,
2026-06-03T15:38:31.300228,mvd.m0kihkjj0hfedcwhm.mvd.z0yws0qonz0xvv0trr0pnmll0jhh0fdcb908654329876587654321wildcard.education.remotewire.net,False,False,,
2026-06-03T15:38:31.300277,sweetweedbank-uat-clerk.de.advapay.org,False,False,,
2026-06-03T15:38:31.300309,www.www.658321072x-unoeuro-forward-method.zendesk1.vognladet.dk,False,False,,
2026-06-03T15:38:31.300333,www.car-service.com.pl,False,False,,
2026-06-03T15:38:31.300351,opengroup.xyz,False,False,,
2026-06-03T15:38:31.300370,bet365number.club,False,False,,
2026-06-03T15:38:31.300388,thegreatestwinner.com,False,False,,
2026-06-03T15:38:31.300408,naturnahe-gaerten.ch,False,False,,
2026-06-03T15:38:31.300428,gov.coloranddesigntalks.net,False,False,,
2026-06-03T15:38:31.300445,pay.orphans.nyc,False,False,,
2026-06-03T15:38:31.300462,ntc11.id,False,False,,
2026-06-03T15:38:31.300482,sync.kueezrtb.com,False,False,,
2026-06-03T15:38:31.300501,hdwk5.r.a.d.sendibm1.com,False,False,,
2026-06-03T15:38:31.300517,app.eachpennybookkeeping.com,False,False,,
2026-06-03T15:38:31.300532,isl.gov.online,False,False,,
2026-06-03T15:38:31.300547,fadaatmedia.info,False,False,,
2026-06-03T15:38:31.300564,www.gepwater.eu,False,False,,
2026-06-03T15:38:31.300581,gambloriacasino.pl,False,False,,
2026-06-03T15:38:31.300598,lonestarsecure.ai,False,False,,
2026-06-03T15:38:31.300616,www.copadomundo.nyc,False,False,,
2026-06-03T15:38:31.300656,cpcalendars.contatoalexsandrafermino.online,False,False,,
2026-06-03T15:38:31.300670,maya.i-08100509b9c709580.prd.workdaysuv.com,False,False,,
2026-06-03T15:38:31.300684,4whm.whm.whm.321832kaduu-ag-3iat.identityhub.site,False,False,,
2026-06-03T15:38:31.300703,web.02087umess.ntv.es,False,False,,
2026-06-03T15:38:31.300735,frescoyapi.com,False,False,,
2026-06-03T15:38:31.300752,rajacolok.cc,False,False,,
2026-06-03T15:38:31.300768,srijangajurel.com.np,False,False,,
2026-06-03T15:38:31.300784,playzada.com.br,False,False,,
2026-06-03T15:38:31.300818,proo-coinbased-lgn-en-io.pages.dev,False,False,,
2026-06-03T15:38:31.300854,www.struebing-fliesen-springe.de,False,False,,
2026-06-03T15:38:31.300882,news.xsuite.com,False,False,,
2026-06-03T15:38:31.300898,mailnexa.ch,False,False,,
2026-06-03T15:38:31.300914,naftalen-sulfonato-de-sodio.quimica.mx,False,False,,
2026-06-03T15:38:31.300928,rekognize.ai,False,False,,
2026-06-03T15:38:31.300942,www.contatoalexsandrafermino.online,False,False,,
2026-06-03T15:38:31.300957,go.nordvpn.net,False,False,,
2026-06-03T15:38:31.300970,watsonhire.ie,False,False,,
2026-06-03T15:38:31.300986,api2-hcaptcha-stripe.groupbuyseo.ru,False,False,,
2026-06-03T15:38:31.301000,newsbytewire.com,False,False,,
2026-06-03T15:38:31.301014,vprintes.com,False,False,,
2026-06-03T15:38:31.301029,newsdig.tbs.co.jp,False,False,,
2026-06-03T15:38:31.301042,wendylaverick.com,False,False,,
2026-06-03T15:38:31.301056,url2569.spaq.com,False,False,,
2026-06-03T15:38:31.301070,boardgameswiki.site,False,False,,
2026-06-03T15:38:31.301086,104.64.59.245,False,False,,
2026-06-03T15:38:31.301099,idn.gov.online,False,False,,
2026-06-03T15:38:31.301113,restorativetherapyservice.com,False,False,,
2026-06-03T15:38:31.301131,testing.xk-business-software-solutions.top,False,False,,
2026-06-03T15:38:31.301146,log-coinsquare-us.pages.dev,False,False,,
2026-06-03T15:38:31.301162,www.comprereservaparque.com.br,False,False,,
2026-06-03T15:38:31.301176,vplstore.com,False,False,,
2026-06-03T15:38:31.301191,www.solar.babsabondhu.com,False,False,,
2026-06-03T15:38:31.301224,whm.www.whm.9075www.503108660425dev.cloud-banks.srv998402.hstgr.cloud,False,False,,
2026-06-03T15:38:31.301251,www.safe-bet-kaiyun.com.cn,False,False,,
2026-06-03T15:38:31.301264,tyruskempcoffee.com,False,False,,
2026-06-03T15:38:31.301278,www.wzyxx0vtt0rpoo0mkjj0hfedmvd.mvd.xvz0xvuu0sqpkjiu0sqq0omlkk0igfee0ca08654329876587654321wildcard.education.remotewire.net,False,False,,
2026-06-03T15:38:31.301290,accessoprivato091.com,False,False,,
2026-06-03T15:38:31.301302,www.acuprohealth.com,False,False,,
2026-06-03T15:38:31.301314,mta-sts.energiacogeme.it,False,False,,
2026-06-03T15:38:31.301327,bin-nahar-jasper.ustechnologyresources.com,False,False,,
2026-06-03T15:38:31.301341,develop.horikoshi-cart.aws.qumu.co.jp,False,False,,
2026-06-03T15:38:31.301352,hackmd.okfn.de,False,False,,
2026-06-03T15:38:31.301365,email.cloud2.secureclick.net,False,False,,
2026-06-03T15:38:31.301376,craigslistmainescams.blogspot.com,False,False,,
2026-06-03T15:38:42.676900,cpcalendars.archerandangler.com,False,False,,
2026-06-03T15:38:42.677089,www.natdecsys.com,False,False,,
2026-06-03T15:38:42.677121,bradescobia.acessosegurancadigital.live,False,False,,
2026-06-03T15:38:42.677144,cpcontacts.govtech.tekhqs.net,False,False,,
2026-06-03T15:38:42.677165,170e700dc9c34180ad1a85725deb83de.int.cbn.cc.arc.azure.net,False,False,,
2026-06-03T15:38:42.677183,nexiacapital.info,False,False,,
2026-06-03T15:38:42.677201,mta-sts.theapex.co.uk,False,False,,
2026-06-03T15:38:42.677218,dnk.gov.online,False,False,,
2026-06-03T15:38:42.677237,province-chuck-cdt-trail.trycloudflare.com,False,False,,
2026-06-03T15:38:42.677253,hub.booksgateway.online,False,False,,
2026-06-03T15:38:42.677276,protracer.media.stg.decathlon-outdoor.com,False,False,,
2026-06-03T15:38:42.677293,ibpj.sicredi.com.br,False,False,,
2026-06-03T15:38:42.677309,regional-trade4dev.org,False,False,,
2026-06-03T15:38:42.686166,sites.google.com,True,False,,
2026-06-03T15:38:42.686315,m.bardllc.com,False,False,,
2026-06-03T15:38:42.686366,solar.babsabondhu.com,False,False,,
2026-06-03T15:38:42.686662,oldapp.attoservice.com.br,False,False,,
2026-06-03T15:38:42.686743,heleket-pay.cc,False,False,,
2026-06-03T15:38:43.356570,searchwithgoogle.info,True,True,False,False
2026-06-03T15:38:43.356823,usercontent.flodesk.com,False,False,,
2026-06-03T15:38:43.356860,sparkzbeta.pro,False,False,,
2026-06-03T15:38:43.356883,research-waveport.com,False,False,,
2026-06-03T15:38:43.356901,emakqqlogin.pages.dev,False,False,,
2026-06-03T15:38:43.356919,usd777-login-geocities.pages.dev,False,False,,
2026-06-03T15:38:43.356936,www.naturnahe-gaerten.ch,False,False,,
2026-06-03T15:38:43.356952,supportedandsafe.org,False,False,,
2026-06-03T15:38:43.356970,www.xn--tinderban-ld6pq02edh1b.com,False,False,,
2026-06-03T15:38:43.356987,heritagefoodservice.tel,False,False,,
2026-06-03T15:38:43.357005,lva.gov.online,False,False,,
2026-06-03T15:38:43.357023,400monroe.com,False,False,,
2026-06-03T15:38:43.357040,convocatoriasdempleos.com,False,False,,
2026-06-03T15:38:43.357053,www.fotosuttech.us,False,False,,
2026-06-03T15:38:43.357063,com.gov.online,False,False,,
2026-06-03T15:38:43.357076,zaluzjesolarne.pl,False,False,,
2026-06-03T15:38:43.357088,principleone.com,False,False,,
2026-06-03T15:38:43.357103,vueset.com,False,False,,
2026-06-03T15:38:43.357121,escolaconquercrm.activehosted.com,False,False,,
2026-06-03T15:38:43.357138,sohodogwalkingnyc.wordpress.com,False,False,,
2026-06-03T15:38:43.357207,honeecuu.com,False,False,,
2026-06-03T15:38:43.369056,share.google,True,False,,
2026-06-03T15:38:43.369249,datamacau-4d.info,False,False,,
2026-06-03T15:38:43.369280,cloufdlare.com,False,False,,
2026-06-03T15:38:43.369297,www.kapitoinvestment.pl,False,False,,
2026-06-03T15:38:43.369314,naspasaportexplora.direct.quickconnect.to,False,False,,
2026-06-03T15:38:43.369328,mblocky.shop,False,False,,
2026-06-03T15:38:43.369343,outreach.kaizenlabs.co,False,False,,
2026-06-03T15:38:43.369355,www.zaluzjesolarne.pl,False,False,,
2026-06-03T15:38:43.369370,romilcontracting.romil-ms.com,False,False,,
2026-06-03T15:38:43.369384,login55toto.pages.dev,False,False,,
2026-06-03T15:38:43.369396,www.billrhoadsmusic.com,False,False,,
2026-06-03T15:38:43.369407,www.hepsikocta.com,False,False,,
2026-06-03T15:38:43.369420,cupcakesnyc.blogspot.com,False,False,,
2026-06-03T15:38:43.369432,safewc.org,False,False,,
2026-06-03T15:38:43.369445,www.standardtyres.com.br,False,False,,
2026-06-03T15:38:43.369457,img.discoveringnyc.com,False,False,,
2026-06-03T15:38:43.369473,maya.i-05f57f0f628173471.prd.workdaysuv.com,False,False,,
2026-06-03T15:38:43.369493,www.aman-service.ru,False,False,,
2026-06-03T15:38:53.504422,motionmeshwire.com,False,False,,
2026-06-03T15:38:53.504575,hulubuild-ulrmp.wordpress.com,False,False,,
2026-06-03T15:38:53.504604,mta-sts.tlg.email,False,False,,
2026-06-03T15:38:53.504621,www.oatalhoparaemagrecer.shop,False,False,,
2026-06-03T15:38:53.504636,agent.837492-coinbase.com,False,False,,
2026-06-03T15:38:53.504651,chequemoney-zoro.pages.dev,False,False,,
2026-06-03T15:38:53.504663,oilfallahistore.ir,False,False,,
2026-06-03T15:38:53.504674,masempleo.com,False,False,,
2026-06-03T15:38:53.504685,mta-sts.sangjuara.co,False,False,,
2026-06-03T15:38:53.504696,tracknews.gr,False,False,,
2026-06-03T15:38:53.504707,picchi-claims.com,False,False,,
2026-06-03T15:38:53.504719,ecu.gov.online,False,False,,
2026-06-03T15:38:53.504732,m.swisslocaltravel.ch,False,False,,
2026-06-03T15:38:53.504746,27.147.225.2,False,False,,
2026-06-03T15:38:53.504757,s.dsgwoa.com,False,False,,
2026-06-03T15:38:53.504769,insurance.mullicanhardwood.com,False,False,,
2026-06-03T15:38:53.504781,www.claim.vip,False,False,,
2026-06-03T15:38:53.504792,ind.gov.online,False,False,,
2026-06-03T15:38:53.504804,cookies.nextmillmedia.com,False,False,,
2026-06-03T15:38:53.504815,dma.gov.online,False,False,,
2026-06-03T15:38:53.504827,primpacdocs.myportfolio.com,False,False,,
2026-06-03T15:38:53.504838,www.embalazim.online,False,False,,
2026-06-03T15:38:53.504869,dom.gov.online,False,False,,
2026-06-03T15:38:53.504881,mta-sts.squarepegs.net,False,False,,
2026-06-03T15:38:53.504892,thecourierguyii.top,False,False,,
2026-06-03T15:38:53.504904,meridiancloud.synology.me,False,False,,
2026-06-03T15:38:53.504917,buyingph-corporatewire-web.pages.dev,False,False,,
2026-06-03T15:38:53.504928,squareblogs.net,False,False,,
2026-06-03T15:38:53.504939,hotelsolutionsteam.com,False,False,,
2026-06-03T15:38:53.504950,pkwgov.pl,False,False,,
2026-06-03T15:38:53.504961,autoconfig.archerandangler.com,False,False,,
2026-06-03T15:38:53.504974,upd.data-al.de,False,False,,
2026-06-03T15:38:53.504984,lbn.gov.online,False,False,,
2026-06-03T15:38:53.504996,mta-sts.xda-yemen.com,False,False,,
2026-06-03T15:38:53.505008,webmail.govtech.tekhqs.net,False,False,,
2026-06-03T15:38:53.505019,anokaareachamber.com,False,False,,
2026-06-03T15:38:53.505031,arts-sentinel.portugal2026-news.com,False,False,,
2026-06-03T15:38:53.513500,paypal-login.com,True,False,,
2026-06-03T15:38:53.513630,u50375570.ct.sendgrid.net,False,False,,
2026-06-03T15:38:53.513657,u6646229.ct.sendgrid.net,False,False,,
2026-06-03T15:38:53.513677,dmvd.jorpyzyy0wuu0sqpoo0mkjiwww.dcbn0ljj0hfedcb908654329876587654321wildcard.education.remotewire.net,False,False,,
2026-06-03T15:38:53.513693,santanatakw-booking.com,False,False,,
2026-06-03T15:38:53.513706,watergem.co.uk,False,False,,
2026-06-03T15:38:53.513719,col.gov.online,False,False,,
2026-06-03T15:38:53.513731,spielzeug-wunderwelt.com,False,False,,
2026-06-03T15:38:53.513742,oda.kg,False,False,,
2026-06-03T15:38:53.513755,frauen-maedchenberatung.de,False,False,,
2026-06-03T15:38:53.513767,mailing-test.frankenpost.de,False,False,,
2026-06-03T15:38:53.513779,crmoperacional.sicredi.net,False,False,,
2026-06-03T15:38:53.513791,mta-sts.schmidtcpas.com,False,False,,
2026-06-03T15:38:53.513810,tlesilverwater.com.au,False,False,,
2026-06-03T15:38:53.513833,atami-dx-com-mati-tanam.pages.dev,False,False,,
2026-06-03T15:38:53.513849,rosobrcontrol.ru,False,False,,
2026-06-03T15:38:53.513862,mta-sts.alamar-uae.com,False,False,,
2026-06-03T15:38:53.513875,www.moneylinemortgage.ca,False,False,,
2026-06-03T15:38:53.513888,www.realamericanpowerlifting.com,False,False,,
2026-06-03T15:38:53.513899,warabimochipompom.com,False,False,,
2026-06-03T15:38:53.513912,download-1password-windows.pages.dev,False,False,,
2026-06-03T15:38:53.513924,can.gov.online,False,False,,
